,date,DP_lag,exret
1,1926-07-31,0.002186230000000001,0.026147280000000002
2,1926-08-31,0.0032896500000000016,0.00348737
3,1926-09-30,0.0057573251,-0.03219619
4,1926-10-31,0.0020726200000000007,0.02545394
5,1926-11-30,0.005575239999999999,0.026411
6,1926-12-31,0.0077891,-8.377199999999975e-05
7,1927-01-31,0.0023629913500000004,0.042770100000000005
8,1927-02-28,0.004195210000000005,0.0007562790000000003
9,1927-03-31,0.0059979510000000005,0.004725051000000001
10,1927-04-30,0.002090959,0.05477311
11,1927-05-31,0.00415045,-0.02368671
12,1927-06-30,0.00631953,0.07227909
13,1927-07-31,0.00240963000000001,0.01969037
14,1927-08-31,0.004052089999999998,0.04782352
15,1927-09-30,0.004920809999999998,-0.0432699
16,1927-10-31,0.0018238000000000004,0.06635258
17,1927-11-30,0.005153099999999994,0.02158212
18,1927-12-31,0.00557591,-0.005839723
19,1928-01-31,0.0017616430000000002,-0.01777756
20,1928-02-29,0.003641430000000001,0.08757843
21,1928-03-31,0.0048968100000000014,0.04164581
22,1928-04-30,0.0017642400000000003,0.01449032
23,1928-05-31,0.0037400299999999984,-0.04834517
24,1928-06-30,0.005043520000000003,0.006199799000000001
25,1928-07-31,0.0017736890000000002,0.06700616000000001
26,1928-08-31,0.004019839999999997,0.028797829999999996
27,1928-09-30,0.0034574299999999974,0.015127950000000001
28,1928-10-31,0.001577740000000001,0.1176999
29,1928-11-30,0.005117200000000002,0.004957177
30,1928-12-31,0.004208873,0.05053473
31,1929-01-31,0.0015886899999999968,-0.0040461388
32,1929-02-28,0.0029394502,-0.011208392000000001
33,1929-03-31,0.003986438,0.013579130000000002
34,1929-04-30,0.0013836500000000002,-0.06432296
35,1929-05-31,0.0040474,0.0963726
36,1929-06-30,0.003497420000000001,0.042657610000000006
37,1929-07-31,0.001808870000000004,0.08134303
38,1929-08-31,0.003390389999999993,-0.05395466
39,1929-09-30,0.00278138,-0.20128359999999998
40,1929-10-31,0.0018296000000000145,-0.1275121
41,1929-11-30,0.004180300000000012,0.01269001
42,1929-12-31,0.00561675,0.057006610000000006
43,1930-01-31,0.002600650000000003,0.025241660000000003
44,1930-02-28,0.003893380000000002,0.07113142
45,1930-03-31,0.004060460000000002,-0.0226411
46,1930-04-30,0.0019192500000000008,-0.01661008
47,1930-05-31,0.0036005299999999976,-0.1626798
48,1930-06-30,0.004279499999999992,0.039963649999999996
49,1930-07-31,0.0024347399999999977,0.002762904
50,1930-08-31,0.0042439903,-0.1270049
51,1930-09-30,0.004633599999999988,-0.08747879
52,1930-10-31,0.0025497899999999962,-0.02935652
53,1930-11-30,0.0038602800000000007,-0.07913924
54,1930-12-31,0.0066965199999999975,0.062280459999999996
55,1931-01-31,0.0027223199999999934,0.1092945
56,1931-02-28,0.004924800000000007,-0.06416590999999999
57,1931-03-31,0.005132709999999999,-0.10101899999999998
58,1931-04-30,0.0021475000000000105,-0.1347355
59,1931-05-31,0.0045491,0.1395397
60,1931-06-30,0.007162299999999983,-0.06703803
61,1931-07-31,0.002588840000000009,0.002778467
62,1931-08-31,0.004625323000000001,-0.2920314
63,1931-09-30,0.0052098999999999895,0.08050863
64,1931-10-31,0.003295720000000002,-0.09010158
65,1931-11-30,0.006506879999999993,-0.13617100000000001
66,1931-12-31,0.008521699999999993,-0.01283417
67,1932-01-31,0.0024289399999999992,0.05536299
68,1932-02-29,0.007072640000000005,-0.1121994
69,1932-03-31,0.007378799999999991,-0.18051659999999997
70,1932-04-30,0.0026156999999999986,-0.20679779999999998
71,1932-05-31,0.006606500000000015,-0.0044885739999999995
72,1932-06-30,0.011565566,0.34034329999999996
73,1932-07-31,0.002481000000000011,0.37108769999999996
74,1932-08-31,0.006074299999999977,-0.02894889
75,1932-09-30,0.00596006,-0.1327531
76,1932-10-31,0.001471299999999981,-0.05846015
77,1932-11-30,0.005251989999999991,0.045127219999999996
78,1932-12-31,0.00869052,0.009713348000000002
79,1933-01-31,0.0019239180000000002,-0.1529038
80,1933-02-28,0.0048668000000000045,0.032705370000000004
81,1933-03-31,0.0080754,0.3931433
82,1933-04-30,0.0020105999999999735,0.2128608
83,1933-05-31,0.003558800000000001,0.13316419999999998
84,1933-06-30,0.0046025999999999845,-0.09654148000000001
85,1933-07-31,0.0009203399999999917,0.1209846
86,1933-08-31,0.0024037999999999976,-0.1060357
87,1933-09-30,0.004095700000000008,-0.0837499
88,1933-10-31,0.0013970900000000036,0.09969588
89,1933-11-30,0.0050900900000000054,0.017675640000000003
90,1933-12-31,0.004350650000000001,0.12627939999999999
91,1934-01-31,0.001701299999999989,-0.024487099999999998
92,1934-02-28,0.0034069600000000005,0.004225098000000001
93,1934-03-31,0.004245787900000001,-0.01844544
94,1934-04-30,0.001397159999999998,-0.07237332
95,1934-05-31,0.0030787999999999927,0.02524446
96,1934-06-30,0.004521109999999998,-0.1094633
97,1934-07-31,0.0017661999999999956,0.05694261
98,1934-08-31,0.005332089999999998,-0.002461888
99,1934-09-30,0.004391075,-0.01899535
100,1934-10-31,0.0014377599999999997,0.08199548
101,1934-11-30,0.004611359999999995,0.0034540740000000006
102,1934-12-31,0.005378008,-0.033516290000000004
103,1935-01-31,0.0018322399999999989,-0.019661909999999998
104,1935-02-28,0.00431747,-0.036113200000000005
105,1935-03-31,0.005125560000000001,0.09035231
106,1935-04-30,0.0014652700000000046,0.03446105
107,1935-05-31,0.0039027500000000034,0.05769622
108,1935-06-30,0.004764160000000003,0.07406016
109,1935-07-31,0.0015469399999999967,0.02667315
110,1935-08-31,0.0037937899999999983,0.02597417
111,1935-09-30,0.004347500000000001,0.06933941
112,1935-10-31,0.0015197400000000055,0.052671680000000005
113,1935-11-30,0.004973500000000006,0.046826219999999995
114,1935-12-31,0.004430819999999995,0.06945885
115,1936-01-31,0.001810160000000005,0.025302420000000003
116,1936-02-29,0.0031719400000000016,0.008053022
117,1936-03-31,0.0033716760000000005,-0.08168064000000001
118,1936-04-30,0.0011649299999999946,0.05184289
119,1936-05-31,0.004555360000000001,0.02437073
120,1936-06-30,0.003916910000000003,0.06585436
121,1936-07-31,0.0016283500000000006,0.01075011
122,1936-08-31,0.004345179,0.01179897
123,1936-09-30,0.003936595999999999,0.06978621
124,1936-10-31,0.0015176500000000093,0.03275445
125,1936-11-30,0.008835800000000001,0.00279573
126,1936-12-31,0.006181055,0.0331575
127,1937-01-31,0.0014213200000000037,0.01291363
128,1937-02-28,0.0029014,-0.002832144
129,1937-03-31,0.003527322,-0.07571612999999999
130,1937-04-30,0.0011603700000000078,-0.007654292
131,1937-05-31,0.004849358,-0.042047940000000006
132,1937-06-30,0.004523969999999995,0.08942497
133,1937-07-31,0.0016085500000000003,-0.04856485
134,1937-08-31,0.004393109999999999,-0.1370226
135,1937-09-30,0.004656100000000024,-0.09599819000000001
136,1937-10-31,0.001569420000000002,-0.08325319
137,1937-11-30,0.012146600000000007,-0.04077352
138,1937-12-31,0.00923024,0.006776150000000001
139,1938-01-31,0.0016651840000000001,0.05801302
140,1938-02-28,0.004092019999999995,-0.2383162
141,1938-03-31,0.004711999999999994,0.145863
142,1938-04-30,0.0019031999999999938,-0.03905327
143,1938-05-31,0.004623469999999998,0.2379136
144,1938-06-30,0.005439900000000025,0.07219713
145,1938-07-31,0.0014689899999999895,-0.02713935
146,1938-08-31,0.0033445999999999997,0.008712485
147,1938-09-30,0.003923491000000001,0.07882665
148,1938-10-31,0.0014497499999999997,-0.0176064
149,1938-11-30,0.0050488999999999985,0.04191948
150,1938-12-31,0.005400389999999998,-0.060280799999999995
151,1939-01-31,0.0012305400000000022,0.035155309999999995
152,1939-02-28,0.004060409999999997,-0.12062679999999999
153,1939-03-31,0.003945900000000002,-0.001931715
154,1939-04-30,0.001504066,0.06887085
155,1939-05-31,0.004727209999999996,-0.053725520000000006
156,1939-06-30,0.004559889999999997,0.1022428
157,1939-07-31,0.001561800000000002,-0.06716375
158,1939-08-31,0.004525670000000009,0.1617149
159,1939-09-30,0.004504899999999978,-0.00419136
160,1939-10-31,0.0012158260000000006,-0.0371309
161,1939-11-30,0.008686329999999999,0.029685800000000002
162,1939-12-31,0.006890920000000002,-0.0242149
163,1940-01-31,0.0013983299999999997,0.01475754
164,1940-02-29,0.004975835,0.018642970000000002
165,1940-03-31,0.0040389100000000015,0.0008372561
166,1940-04-30,0.0017667746,-0.220912
167,1940-05-31,0.005924399999999996,0.06685613
168,1940-06-30,0.0057390499999999955,0.031823149999999994
169,1940-07-31,0.0018925499999999963,0.02439623
170,1940-08-31,0.006665630000000002,0.02311811
171,1940-09-30,0.0049265,0.0301431
172,1940-10-31,0.0018890999999999977,-0.01675246
173,1940-11-30,0.010129720000000002,0.006585705000000001
174,1940-12-31,0.007846708,-0.04112673
175,1941-01-31,0.00162669,-0.01370112
176,1941-02-28,0.00614288,0.009414603
177,1941-03-31,0.00565474,-0.05391833
178,1941-04-30,0.0018434399999999948,0.01314046
179,1941-05-31,0.007984802,0.05849508
180,1941-06-30,0.0069259099999999935,0.05924285
181,1941-07-31,0.00226171,-0.0012562740000000001
182,1941-08-31,0.006797030000000001,-0.007711061000000001
183,1941-09-30,0.005147119,-0.05292592
184,1941-10-31,0.002373710000000001,-0.02027067
185,1941-11-30,0.0124141,-0.04679163
186,1941-12-31,0.009917510000000004,0.008778517
187,1942-01-31,0.001803476,-0.02375086
188,1942-02-28,0.006318710000000002,-0.06524447
189,1942-03-31,0.006589410000000004,-0.04368327
190,1942-04-30,0.002408880000000002,0.05987389
191,1942-05-31,0.007780490000000001,0.02557185
192,1942-06-30,0.007545409999999999,0.03502647
193,1942-07-31,0.0025115399999999996,0.01810786
194,1942-08-31,0.006488120000000002,0.0267694
195,1942-09-30,0.0059976399999999985,0.06878754000000001
196,1942-10-31,0.0020345600000000047,0.0008765340000000002
197,1942-11-30,0.010321002000000001,0.05098972
198,1942-12-31,0.008806620000000001,0.07308221000000001
199,1943-01-31,0.0015128100000000033,0.06017818
200,1943-02-28,0.005136509999999997,0.06149447
201,1943-03-31,0.005067250000000002,0.007033476
202,1943-04-30,0.0014937459999999998,0.05684205
203,1943-05-31,0.00541722,0.01705075
204,1943-06-30,0.005080070000000001,-0.048052910000000004
205,1943-07-31,0.0015283300000000014,0.013144300000000001
206,1943-08-31,0.004649490000000001,0.02377737
207,1943-09-30,0.004972710000000002,-0.01187259
208,1943-10-31,0.0011903899999999995,-0.06020256
209,1943-11-30,0.008660359999999999,0.06391655
210,1943-12-31,0.007271629999999994,0.01773042
211,1944-01-31,0.001401560000000003,0.003158829
212,1944-02-29,0.005049772,0.02456819
213,1944-03-31,0.004791669999999998,-0.01678407
214,1944-04-30,0.0013517400000000006,0.05060894
215,1944-05-31,0.005982229999999998,0.056541759999999996
216,1944-06-30,0.005317569999999994,-0.0154938
217,1944-07-31,0.0014196300000000016,0.01529742
218,1944-08-31,0.00518008,0.00025305010000000003
219,1944-09-30,0.0039225411,0.001818638
220,1944-10-31,0.0015075254,0.016368229999999998
221,1944-11-30,0.009060664,0.04086975
222,1944-12-31,0.005768460000000003,0.019917559999999997
223,1945-01-31,0.0012666699999999975,0.06427703
224,1945-02-28,0.004583140000000006,-0.03937724
225,1945-03-31,0.003987060000000001,0.07793165
226,1945-04-30,0.001250939999999992,0.017885289999999998
227,1945-05-31,0.005746629999999999,0.004476164
228,1945-06-30,0.003588838,-0.022366350000000004
229,1945-07-31,0.0012388199999999981,0.061526199999999996
230,1945-08-31,0.004678759999999997,0.04799652
231,1945-09-30,0.0033277700000000007,0.03844934
232,1945-10-31,0.0011446099999999973,0.054658950000000005
233,1945-11-30,0.006997430000000006,0.01270259
234,1945-12-31,0.0037840979999999996,0.06310188000000001
235,1946-01-31,0.0011737300000000048,-0.058557290000000005
236,1946-02-28,0.0034857000000000013,0.0576414
237,1946-03-31,0.0033215200000000014,0.04199307
238,1946-04-30,0.0011386899999999978,0.0398952
239,1946-05-31,0.0041206199999999985,-0.038968390000000006
240,1946-06-30,0.002848979999999994,-0.02660898
241,1946-07-31,0.0013876200000000026,-0.06476838
242,1946-08-31,0.003951559999999993,-0.10232259999999999
243,1946-09-30,0.0033875000000000016,-0.01446352
244,1946-10-31,0.0017391100000000003,0.00039688900000000004
245,1946-11-30,0.007171931,0.0498611
246,1946-12-31,0.006749449999999997,0.01278428
247,1947-01-31,0.0015483300000000005,-0.01139093
248,1947-02-28,0.00529024,-0.017090130000000002
249,1947-03-31,0.004014420000000001,-0.047998070000000004
250,1947-04-30,0.0017891699999999996,-0.009924612000000001
251,1947-05-31,0.006692528,0.052926469999999996
252,1947-06-30,0.004688019999999994,0.04104795
253,1947-07-31,0.002006029999999999,-0.01765736
254,1947-08-31,0.0053109900000000015,-0.00526713
255,1947-09-30,0.004805654000000001,0.024231120000000002
256,1947-10-31,0.0019842400000000017,-0.01934959
257,1947-11-30,0.00976482,0.029907950000000003
258,1947-12-31,0.007458740000000002,-0.03860801
259,1948-01-31,0.0017768400000000018,-0.04412223
260,1948-02-29,0.006080220000000004,0.08172763000000001
261,1948-03-31,0.005762370000000003,0.03732801
262,1948-04-30,0.002155560000000001,0.07351936
263,1948-05-31,0.005937250000000005,-0.0011798976
264,1948-06-30,0.0051389064000000005,-0.05108754
265,1948-07-31,0.00146255,0.0028623020000000006
266,1948-08-31,0.006661927000000001,-0.03021309
267,1948-09-30,0.005310080000000002,0.059915760000000005
268,1948-10-31,0.002891020000000001,-0.09247732
269,1948-11-30,0.010487579999999996,0.032166020000000003
270,1948-12-31,0.00854195,0.0020743700000000003
271,1949-01-31,0.001956539,-0.029751930000000003
272,1949-02-28,0.007384779999999997,0.04053747
273,1949-03-31,0.006198259999999997,-0.01887221
274,1949-04-30,0.002593830000000002,-0.029487720000000002
275,1949-05-31,0.007026919999999999,0.001180482
276,1949-06-30,0.006562873,0.055477170000000006
277,1949-07-31,0.001601140000000001,0.02601613
278,1949-08-31,0.00802916,0.03118201
279,1949-09-30,0.00481672,0.030901420000000002
280,1949-10-31,0.001798950000000004,0.017734780000000002
281,1949-11-30,0.013986191,0.051366840000000004
282,1949-12-31,0.007497820000000002,0.01686387
283,1950-01-31,0.00189193,0.01433364
284,1950-02-28,0.007060591,0.01174167
285,1950-03-31,0.005284214999999999,0.03977758
286,1950-04-30,0.0019412099999999988,0.04317265
287,1950-05-31,0.007355510000000003,-0.0590182
288,1950-06-30,0.004780720000000009,0.01512194
289,1950-07-31,0.0015448600000000003,0.04987451
290,1950-08-31,0.010661849999999994,0.0480439
291,1950-09-30,0.004921979999999999,-0.002384262
292,1950-10-31,0.0017468510000000002,0.02795564
293,1950-11-30,0.01678723,0.05684587000000001
294,1950-12-31,0.006898370000000001,0.05743524
295,1951-01-31,0.0019741299999999976,0.013085860000000001
296,1951-02-28,0.00665084,-0.02221456
297,1951-03-31,0.004638420000000001,0.04876079
298,1951-04-30,0.0015731000000000009,-0.02366361
299,1951-05-31,0.007506249999999999,-0.02673251
300,1951-06-30,0.00430175,0.07031052
301,1951-07-31,0.00136733,0.0437037
302,1951-08-31,0.008253419999999997,0.007886545000000002
303,1951-09-30,0.003747127000000001,-0.02422877
304,1951-10-31,0.0019272100000000021,0.00509348
305,1951-11-30,0.010228856000000001,0.03406568
306,1951-12-31,0.005024879999999999,0.01550245
307,1952-01-31,0.0015819599999999986,-0.02634076
308,1952-02-29,0.0071874,0.044769960000000004
309,1952-03-31,0.004143920000000002,-0.05034772
310,1952-04-30,0.0016995900000000008,0.031546939999999996
311,1952-05-31,0.007479729999999997,0.03807465
312,1952-06-30,0.003986420000000004,0.00990411
313,1952-07-31,0.0015069769999999996,-0.008232553
314,1952-08-31,0.007070467,-0.020746900000000002
315,1952-09-30,0.003918049999999999,-0.006709009
316,1952-10-31,0.0016511230000000009,0.05834718
317,1952-11-30,0.00958568,0.02946571
318,1952-12-31,0.004666649999999998,-0.003244253
319,1953-01-31,0.0010833700000000002,-0.003220268
320,1953-02-28,0.007288662000000001,-0.01466202
321,1953-03-31,0.0038185499999999987,-0.02930464
322,1953-04-30,0.001421180000000001,0.0052211440000000005
323,1953-05-31,0.0072698494,-0.01817693
324,1953-06-30,0.00414639,0.02361135
325,1953-07-31,0.0015545900000000015,-0.04575621
326,1953-08-31,0.00730927,0.0014098720000000002
327,1953-09-30,0.004322916,0.04622312
328,1953-10-31,0.0015955399999999995,0.02770134
329,1953-11-30,0.010056240000000001,-0.0006217293999999999
330,1953-12-31,0.005320360600000001,0.051621530000000006
331,1954-01-31,0.0012212799999999982,0.01685125
332,1954-02-28,0.007226390000000001,0.0365766
333,1954-03-31,0.0040023,0.04226166
334,1954-04-30,0.0013421799999999984,0.0312037
335,1954-05-31,0.006495480000000001,0.01095965
336,1954-06-30,0.0037928929999999986,0.05016832
337,1954-07-31,0.0012265700000000032,-0.023262670000000003
338,1954-08-31,0.006606369999999997,0.06373256000000001
339,1954-09-30,0.003251480000000001,-0.0169159
340,1954-10-31,0.0014063099999999974,0.09478717
341,1954-11-30,0.009341640000000012,0.05466865
342,1954-12-31,0.0036621699999999993,0.006037672
343,1955-01-31,0.0008105609999999996,0.030454159999999997
344,1955-02-28,0.005629449999999998,-0.0019945033
345,1955-03-31,0.0032611627,0.03135196
346,1955-04-30,0.0010085399999999953,0.01063341
347,1955-05-31,0.005583278999999999,0.06510822
348,1955-06-30,0.0029270500000000005,0.01924557
349,1955-07-31,0.0008790800000000008,0.0025968940000000006
350,1955-08-31,0.005775474000000001,-0.00360948
351,1955-09-30,0.002533054,-0.02755151
352,1955-10-31,0.0010605599999999986,0.07016419000000002
353,1955-11-30,0.009167640000000005,0.01474255
354,1955-12-31,0.0031525499999999988,-0.03031947
355,1956-01-31,0.0013553200000000001,0.03770966
356,1956-02-29,0.0051706600000000005,0.06695615
357,1956-03-31,0.0028150400000000048,0.003183206000000001
358,1956-04-30,0.0009467640000000001,-0.05160901
359,1956-05-31,0.005539040000000002,0.0352509
360,1956-06-30,0.0027107000000000034,0.04862991
361,1956-07-31,0.0012985499999999955,-0.0315204
362,1956-08-31,0.0051450900000000015,-0.05140825
363,1956-09-30,0.0024561800000000023,0.004791722
364,1956-10-31,0.0017580770000000003,0.0026778770000000004
365,1956-11-30,0.0069160770000000005,0.03255719
366,1956-12-31,0.00340936,-0.03482142
367,1957-01-31,0.001407760000000001,-0.02110262
368,1957-02-28,0.005495550000000002,0.02181172
369,1957-03-31,0.0031644800000000008,0.04267923
370,1957-04-30,0.0013939199999999999,0.03407944
371,1957-05-31,0.0055022399999999985,-0.007454420999999999
372,1957-06-30,0.0027578510000000004,0.005937786000000001
373,1957-07-31,0.0015753530000000007,-0.05255114
374,1957-08-31,0.005174970000000001,-0.06018639
375,1957-09-30,0.0028004699999999993,-0.04415081
376,1957-10-31,0.0017991800000000044,0.02280463
377,1957-11-30,0.007083249999999999,-0.03976046
378,1957-12-31,0.0038189799999999996,0.046795130000000004
379,1958-01-31,0.001356450000000002,-0.01545682
380,1958-02-28,0.006094539999999999,0.032799810000000006
381,1958-03-31,0.003436320000000003,0.030032560000000003
382,1958-04-30,0.0015505700000000011,0.023481580000000002
383,1958-05-31,0.005395750000000001,0.02919272
384,1958-06-30,0.0032277399999999998,0.04414433
385,1958-07-31,0.001568420000000001,0.01878109
386,1958-08-31,0.004717190000000001,0.04678042
387,1958-09-30,0.002934770000000003,0.02538404
388,1958-10-31,0.0014446899999999985,0.02951017
389,1958-11-30,0.005168879999999997,0.05089946
390,1958-12-31,0.002806219999999998,0.007020074000000001
391,1959-01-31,0.000998156,0.00931954
392,1959-02-28,0.004406340999999999,0.002469121
393,1959-03-31,0.002556379,0.03589878
394,1959-04-30,0.0010219299999999973,0.01739489
395,1959-05-31,0.0042308499999999995,-0.0018235220000000002
396,1959-06-30,0.002541396,0.031861589999999995
397,1959-07-31,0.0010350599999999974,-0.01434558
398,1959-08-31,0.00405644,-0.04807696
399,1959-09-30,0.002425759999999999,0.01274567
400,1959-10-31,0.00113304,0.015956659999999998
401,1959-11-30,0.005284529999999999,0.02464312
402,1959-12-31,0.00277231,-0.06954392
403,1960-01-31,0.0009466100000000005,0.011519080000000001
404,1960-02-29,0.0047048969999999996,-0.01632217
405,1960-03-31,0.0026653700000000002,-0.01717067
406,1960-04-30,0.0010580700000000012,0.03139799
407,1960-05-31,0.004818650000000001,0.0204328
408,1960-06-30,0.0026984099999999983,-0.02400468
409,1960-07-31,0.000930669999999998,0.030514979999999997
410,1960-08-31,0.0051504799999999955,-0.06027334
411,1960-09-30,0.0021866999999999998,-0.006904664
412,1960-10-31,0.0012167360000000004,0.0473173
413,1960-11-30,0.00597139,0.046937240000000005
414,1960-12-31,0.0023068300000000028,0.06205240000000001
415,1961-01-31,0.0011654900000000051,0.03560465
416,1961-02-28,0.004170159999999999,0.028609920000000004
417,1961-03-31,0.0022628300000000004,0.003944733000000001
418,1961-04-30,0.0007605770000000001,0.024094070000000002
419,1961-05-31,0.00427553,-0.03049906
420,1961-06-30,0.0020711900000000005,0.02815465
421,1961-07-31,0.0007477899999999982,0.025454410000000004
422,1961-08-31,0.004982010000000002,-0.02169036
423,1961-09-30,0.0012756300000000033,0.025431130000000003
424,1961-10-31,0.0012387300000000004,0.04395113
425,1961-11-30,0.005571659999999999,-0.0011870487999999998
426,1961-12-31,0.0013115639,-0.03854699
427,1962-01-31,0.0013410199999999983,0.017512359999999998
428,1962-02-28,0.004260379999999999,-0.006687611
429,1962-03-31,0.001425755,-0.06563471
430,1962-04-30,0.0007775599999999966,-0.08701992
431,1962-05-31,0.005142629999999995,-0.08461504
432,1962-06-30,0.0017212600000000022,0.06273834
433,1962-07-31,0.0013092599999999927,0.021116680000000002
434,1962-08-31,0.00552911,-0.05225767
435,1962-09-30,0.0016285399999999978,-0.0003123649999999998
436,1962-10-31,0.0017565515000000002,0.1081369
437,1962-11-30,0.007212499999999997,0.00956515
438,1962-12-31,0.0018087499999999996,0.04934823
439,1963-01-31,0.0013731199999999985,-0.02423106
440,1963-02-28,0.004676780000000002,0.03061728
441,1963-03-31,0.001684689999999999,0.04493851
442,1963-04-30,0.0010039699999999999,0.01765139
443,1963-05-31,0.005325339999999998,-0.02033049
444,1963-06-30,0.0014283999999999998,-0.004417494
445,1963-07-31,0.001277157,0.05018367
446,1963-08-31,0.00464854,-0.01459808
447,1963-09-30,0.0014184100000000002,0.024808300000000002
448,1963-10-31,0.0014319800000000028,-0.008248968
449,1963-11-30,0.006142592,0.0188365
450,1963-12-31,0.0017580299999999972,0.02279008
451,1964-01-31,0.0010591099999999985,0.014607300000000002
452,1964-02-29,0.0045541600000000015,0.014536229999999999
453,1964-03-31,0.0016688999999999975,0.0017073580000000008
454,1964-04-30,0.0009352420000000002,0.01480315
455,1964-05-31,0.00487258,0.01207987
456,1964-06-30,0.0016669200000000006,0.017118320000000003
457,1964-07-31,0.0009917200000000015,-0.014066170000000001
458,1964-08-31,0.004309169999999999,0.02768012
459,1964-09-30,0.0016885999999999984,0.005969302000000001
460,1964-10-31,0.0011390660000000002,0.00018956900000000054
461,1964-11-30,0.0057621930000000005,0.0005898460000000002
462,1964-12-31,0.001750563,0.03584574
463,1965-01-31,0.0009824999999999973,0.003945935
464,1965-02-28,0.004312233,-0.013315239999999999
465,1965-03-31,0.00171287,0.030552180000000005
466,1965-04-30,0.0009150800000000056,-0.007450524
467,1965-05-31,0.004751974,-0.055368350000000004
468,1965-06-30,0.0017232299999999992,0.0136595
469,1965-07-31,0.0008887799999999987,0.02758298
470,1965-08-31,0.004749920000000001,0.02885219
471,1965-09-30,0.0015952899999999992,0.026171430000000002
472,1965-10-31,0.0010596000000000008,-0.0004350109999999999
473,1965-11-30,0.006025627,0.010244780000000002
474,1965-12-31,0.0015686500000000013,0.00832212
475,1966-01-31,0.0008908100000000006,-0.012120886
476,1966-02-28,0.004393393999999998,-0.02472299
477,1966-03-31,0.0018235500000000002,0.02143704
478,1966-04-30,0.000983730000000002,-0.05663842
479,1966-05-31,0.004944529999999996,-0.01411711
480,1966-06-30,0.001745769999999999,-0.01637017
481,1966-07-31,0.0009603400000000005,-0.07948751
482,1966-08-31,0.005324179999999998,-0.010958398000000001
483,1966-09-30,0.0017372669999999998,0.03779431
484,1966-10-31,0.0011229800000000026,0.013516259999999999
485,1966-11-30,0.006910619999999999,0.002210231
486,1966-12-31,0.0018004679999999995,0.08122963
487,1967-01-31,0.0014525700000000002,0.00734501
488,1967-02-28,0.0046883639999999996,0.039484
489,1967-03-31,0.001801939999999995,0.03840865
490,1967-04-30,0.0009121600000000021,-0.042593099999999995
491,1967-05-31,0.0049237500000000045,0.02420233
492,1967-06-30,0.0015614400000000007,0.046089820000000004
493,1967-07-31,0.0009123200000000012,-0.009382029
494,1967-08-31,0.004791210999999999,0.03108565
495,1967-09-30,0.00141086,-0.03133284
496,1967-10-31,0.0012165500000000003,0.0043017210000000005
497,1967-11-30,0.0053363130000000005,0.03039884
498,1967-12-31,0.001495910000000003,-0.040331160000000005
499,1968-01-31,0.0014995999999999968,-0.03752382
500,1968-02-29,0.004483020000000004,0.0013167620000000004
501,1968-03-31,0.0013763760000000003,0.08984785
502,1968-04-30,0.0014181000000000055,0.02253952
503,1968-05-31,0.004546620000000001,0.007227270000000001
504,1968-06-30,0.0014896800000000002,-0.02682376
505,1968-07-31,0.001137550000000001,0.013836730000000002
506,1968-08-31,0.00454271,0.04015384
507,1968-09-30,0.0012466000000000005,0.004641496000000001
508,1968-10-31,0.001573558000000001,0.054300879999999996
509,1968-11-30,0.004376489999999997,-0.038172899999999996
510,1968-12-31,0.0014895600000000009,-0.012011428000000001
511,1969-01-31,0.0010135230000000005,-0.05824063
512,1969-02-28,0.004241979999999999,0.02590514
513,1969-03-31,0.0014433399999999978,0.01522654
514,1969-04-30,0.00118039,0.0002399360000000005
515,1969-05-31,0.0047990875,-0.07248772
516,1969-06-30,0.00157038000000001,-0.07047118
517,1969-07-31,0.0012003000000000014,0.04649065
518,1969-08-31,0.00497272,-0.02878974
519,1969-09-30,0.0015768300000000013,0.04963746
520,1969-10-31,0.0018675099999999958,-0.037363610000000005
521,1969-11-30,0.0045137300000000005,-0.02608027
522,1969-12-31,0.001790510000000002,-0.07925433000000001
523,1970-01-31,0.0012646399999999974,0.050506190000000006
524,1970-02-28,0.005055090000000005,-0.010429048
525,1970-03-31,0.001839686,-0.110318
526,1970-04-30,0.001074599999999995,-0.06964612
527,1970-05-31,0.00558467,-0.05686708
528,1970-06-30,0.0023049300000000036,0.06896985
529,1970-07-31,0.002037869999999997,0.044735950000000003
530,1970-08-31,0.005452110000000003,0.0421351
531,1970-09-30,0.0019351400000000019,-0.02280759
532,1970-10-31,0.002241970000000003,0.04584846
533,1970-11-30,0.0050938000000000025,0.05652307
534,1970-12-31,0.0017542300000000025,0.0482295
535,1971-01-31,0.0012576600000000007,0.013612509999999998
536,1971-02-28,0.0045000399999999986,0.04177762
537,1971-03-31,0.0018061100000000066,0.030532439999999997
538,1971-04-30,0.0010320499999999996,-0.039308710000000004
539,1971-05-31,0.004328609999999997,-0.0005806850000000001
540,1971-06-30,0.001733818,-0.04428279
541,1971-07-31,0.0010345600000000038,0.03781106000000001
542,1971-08-31,0.004844980000000006,-0.008715686
543,1971-09-30,0.0014754400000000006,-0.04438255
544,1971-10-31,0.0016637600000000002,-0.004962096
545,1971-11-30,0.004433865,0.08755689000000001
546,1971-12-31,0.0016996500000000109,0.025482150000000002
547,1972-01-31,0.0012134500000000013,0.028848720000000005
548,1972-02-29,0.004076910000000003,0.006022727000000001
549,1972-03-31,0.001475187000000001,0.0026052640000000004
550,1972-04-30,0.0007825519999999997,0.01337547
551,1972-05-31,0.00441573,-0.0237965
552,1972-06-30,0.0015154399999999998,-0.007353696
553,1972-07-31,0.0010558469999999995,0.03306625
554,1972-08-31,0.004109729999999999,-0.011070341000000001
555,1972-09-30,0.0014146990000000002,0.004675791
556,1972-10-31,0.0013177689999999999,0.0460637
557,1972-11-30,0.004458919999999998,0.00754341
558,1972-12-31,0.0013401079999999996,-0.03185415
559,1973-01-31,0.0011999500000000017,-0.04846952
560,1973-02-28,0.0035461999999999994,-0.012457176
561,1973-03-31,0.001473261,-0.05696934000000001
562,1973-04-30,0.0011954999999999952,-0.02960797
563,1973-05-31,0.00426907,-0.013747891000000002
564,1973-06-30,0.0017757189999999985,0.050560589999999996
565,1973-07-31,0.0014464000000000005,-0.036656930000000004
566,1973-08-31,0.004382090000000002,0.04713126
567,1973-09-30,0.001401560000000003,-0.0069151074
568,1973-10-31,0.0017267796000000003,-0.1263133
569,1973-11-30,0.004843399999999998,0.00503655
570,1973-12-31,0.0020153489999999996,-0.001887329
571,1974-01-31,0.0016051519999999999,-0.0034549259999999997
572,1974-02-28,0.004796766,-0.02896402
573,1974-03-31,0.0019349399999999996,-0.05346092
574,1974-04-30,0.001733369999999998,-0.04948143
575,1974-05-31,0.005339089999999998,-0.028942370000000002
576,1974-06-30,0.0024644899999999997,-0.07787424000000001
577,1974-07-31,0.0018206100000000003,-0.09375712000000001
578,1974-08-31,0.00682126999999999,-0.11781829999999999
579,1974-09-30,0.0025553000000000103,0.1604841
580,1974-10-31,0.0031250999999999918,-0.04644609
581,1974-11-30,0.007194989999999998,-0.03400542
582,1974-12-31,0.0032961899999999975,0.1357995
583,1975-01-31,0.0020082999999999906,0.054111690000000004
584,1975-02-28,0.006782780000000002,0.026090480000000003
585,1975-03-31,0.0027482700000000006,0.04209667
586,1975-04-30,0.0020641500000000007,0.05073955
587,1975-05-31,0.005597829999999998,0.047373320000000003
588,1975-06-30,0.002515750000000004,-0.06518471
589,1975-07-31,0.0019332700000000008,-0.0283575
590,1975-08-31,0.005402619999999997,-0.04330991
591,1975-09-30,0.0024762499999999993,0.0502566
592,1975-10-31,0.002584129999999997,0.027121600000000003
593,1975-11-30,0.005420280000000003,-0.01579771
594,1975-12-31,0.0026792699999999992,0.1213122
595,1976-01-31,0.0016402999999999973,0.003909603000000001
596,1976-02-29,0.005228593,0.02274025
597,1976-03-31,0.002445550000000001,-0.014601860000000001
598,1976-04-30,0.0012660699999999993,-0.013025603
599,1976-05-31,0.005979787,0.04022101
600,1976-06-30,0.0023528800000000016,-0.010836189999999999
601,1976-07-31,0.001437982,-0.005597962
602,1976-08-31,0.005989123000000001,0.02011259
603,1976-09-30,0.0021271199999999997,-0.0244717
604,1976-10-31,0.0018769100000000025,0.001363398
605,1976-11-30,0.006801784,0.05759101
606,1976-12-31,0.0022908000000000026,-0.03992604
607,1977-01-31,0.0016688599999999942,-0.01924441
608,1977-02-28,0.00602521,-0.013048591
609,1977-03-31,0.002548099,0.0011620740000000004
610,1977-04-30,0.001398392,-0.014477
611,1977-05-31,0.007228179999999999,0.047368690000000005
612,1977-06-30,0.0026563299999999984,-0.01700639
613,1977-07-31,0.0013551399999999995,-0.0177381
614,1977-08-31,0.006939809999999999,-0.002728113
615,1977-09-30,0.002580254,-0.04417758
616,1977-10-31,0.0020344799999999982,0.0404397
617,1977-11-30,0.008359020000000002,0.0033227100000000013
618,1977-12-31,0.002725377000000001,-0.060098910000000005
619,1978-01-31,0.0020101400000000005,-0.013874694
620,1978-02-28,0.007425626000000001,0.028709270000000002
621,1978-03-31,0.0031445499999999994,0.07745323
622,1978-04-30,0.0016506199999999915,0.01812997
623,1978-05-31,0.007730899999999999,-0.01614848
624,1978-06-30,0.002991820000000001,0.05114101
625,1978-07-31,0.001872730000000003,0.03677023
626,1978-08-31,0.006866610000000002,-0.013088612
627,1978-09-30,0.002566934,-0.1177954
628,1978-10-31,0.0026044999999999957,0.026787270000000002
629,1978-11-30,0.008035690000000002,0.009907759999999998
630,1978-12-31,0.003127939999999999,0.0418299
631,1979-01-31,0.002510749999999999,-0.03406539
632,1979-02-28,0.007015390000000003,0.05751343
633,1979-03-31,0.0031411400000000006,0.0005197170000000011
634,1979-04-30,0.002081823000000001,-0.0217714
635,1979-05-31,0.00788707,0.03875158
636,1979-06-30,0.003031030000000004,0.0072913000000000006
637,1979-07-31,0.00221821,0.057031609999999996
638,1979-08-31,0.007426229999999992,-0.006873978
639,1979-09-30,0.0023575374,-0.08136193
640,1979-10-31,0.0028077600000000064,0.053703850000000004
641,1979-11-30,0.007794140000000005,0.018714599999999998
642,1979-12-31,0.003040959999999999,0.057607109999999996
643,1980-01-31,0.002304439999999991,-0.007885452
644,1980-02-29,0.006754571000000001,-0.1323242
645,1980-03-31,0.0030335000000000084,0.03968721
646,1980-04-30,0.0024542700000000015,0.05199049
647,1980-05-31,0.007461680000000005,0.03161436
648,1980-06-30,0.0032760200000000045,0.06413817000000001
649,1980-07-31,0.002372450000000012,0.017153500000000002
650,1980-08-31,0.00631702,0.02199784
651,1980-09-30,0.002881120000000001,0.010594810000000001
652,1980-10-31,0.0027253100000000016,0.0953521
653,1980-11-30,0.005941879999999997,-0.04751059
654,1980-12-31,0.002630690000000005,-0.05048484
655,1981-01-31,0.0017384199999999975,0.004819360000000002
656,1981-02-28,0.006398171000000001,0.034082890000000005
657,1981-03-31,0.003087980000000004,-0.022066250000000003
658,1981-04-30,0.0017691800000000004,0.0020463700000000005
659,1981-05-31,0.006144244,-0.02374274
660,1981-06-30,0.0031135499999999997,-0.015479482999999999
661,1981-07-31,0.0017268400000000003,-0.06908101
662,1981-08-31,0.006732580000000009,-0.07617578
663,1981-09-30,0.002940169999999992,0.048062150000000005
664,1981-10-31,0.0031571800000000025,0.03514814
665,1981-11-30,0.006622170000000004,-0.03679599
666,1981-12-31,0.0030078699999999993,-0.03420859
667,1982-01-31,0.001703340000000001,-0.06032622
668,1982-02-28,0.007513650000000004,-0.01990141
669,1982-03-31,0.00395354,0.03196891
670,1982-04-30,0.0018447499999999992,-0.03881291
671,1982-05-31,0.008383630000000003,-0.0335132
672,1982-06-30,0.003467020000000001,-0.031025490000000003
673,1982-07-31,0.002217750000000001,0.1114159
674,1982-08-31,0.009081900000000004,0.011665680000000001
675,1982-09-30,0.003090250000000001,0.11273219999999999
676,1982-10-31,0.0027057999999999943,0.04564144
677,1982-11-30,0.006944489999999998,0.007809870000000001
678,1982-12-31,0.00248664,0.03494372
679,1983-01-31,0.0020885100000000018,0.02401478
680,1983-02-28,0.006010680000000001,0.02837751
681,1983-03-31,0.0030572800000000025,0.06708492
682,1983-04-30,0.0013458199999999976,0.006325260000000001
683,1983-05-31,0.005264194,0.031137299999999996
684,1983-06-30,0.0029719699999999974,-0.038969840000000006
685,1983-07-31,0.0012955099999999997,-0.004134700999999999
686,1983-08-31,0.005265954000000001,0.00842687
687,1983-09-30,0.002924679999999999,-0.03567753
688,1983-10-31,0.0017009699999999996,0.02255592
689,1983-11-30,0.005350269999999997,-0.01776383
690,1983-12-31,0.0029779200000000002,-0.02062517
691,1984-01-31,0.0018499999999999992,-0.04617293
692,1984-02-29,0.004864730000000005,0.0060896
693,1984-03-31,0.00336496,-0.005562487000000001
694,1984-04-30,0.0017371362000000003,-0.06011956
695,1984-05-31,0.005385010000000003,0.01588386
696,1984-06-30,0.00388287,-0.02882318
697,1984-07-31,0.0019205300000000002,0.10439079999999999
698,1984-08-31,0.005876599999999996,-0.0081965548
699,1984-09-30,0.0029419522000000004,-0.010073122280000001
700,1984-10-31,0.0028475087200000005,-0.01798512
701,1984-11-30,0.004572159999999999,0.01725304
702,1984-12-31,0.0035610400000000014,0.07921907
703,1985-01-31,0.0022115500000000066,0.011097660000000002
704,1985-02-28,0.004628450000000001,-0.007946759
705,1985-03-31,0.003177466,-0.009386514
706,1985-04-30,0.0017712549999999998,0.04917431
707,1985-05-31,0.0049757,0.011590939999999997
708,1985-06-30,0.003053329999999998,-0.0064511004
709,1985-07-31,0.0019690676000000003,-0.010294401000000002
710,1985-08-31,0.004797441000000001,-0.04582587
711,1985-09-30,0.0027506500000000003,0.037941090000000004
712,1985-10-31,0.002418170000000004,0.06312843000000001
713,1985-11-30,0.004529550000000007,0.03656149
714,1985-12-31,0.002981009999999999,0.004230249
715,1986-01-31,0.001823102,0.06720131
716,1986-02-28,0.004310300000000003,0.047886830000000005
717,1986-03-31,0.0025251900000000035,-0.013103121
718,1986-04-30,0.0017310299999999997,0.04594652
719,1986-05-31,0.0037206899999999987,0.00904398
720,1986-06-30,0.0026215400000000003,-0.06490013
721,1986-07-31,0.001753989999999997,0.06158293
722,1986-08-31,0.0037530299999999975,-0.08351992000000001
723,1986-09-30,0.0022523799999999983,0.04470472
724,1986-10-31,0.0024445800000000018,0.01119305
725,1986-11-30,0.00421913,-0.03128714
726,1986-12-31,0.0026690800000000008,0.1242987
727,1987-01-31,0.001571800000000012,0.043621820000000006
728,1987-02-28,0.003426500000000006,0.01896445
729,1987-03-31,0.00244631,-0.02139554
730,1987-04-30,0.001897720000000002,0.0013226640000000007
731,1987-05-31,0.003250485000000001,0.03885455
732,1987-06-30,0.002511949999999999,0.03964724
733,1987-07-31,0.0018995299999999965,0.0324465
734,1987-08-31,0.003286520000000001,-0.02527283
735,1987-09-30,0.002072510000000003,-0.2313613
736,1987-10-31,0.0019810000000000105,-0.07577181000000001
737,1987-11-30,0.004240159999999993,0.06642388
738,1987-12-31,0.003112080000000003,0.04197472
739,1988-01-31,0.0018327900000000008,0.047091270000000005
740,1988-02-29,0.0056959400000000035,-0.02099768
741,1988-03-31,0.0026751599999999993,0.0063925300000000004
742,1988-04-30,0.0018027319999999996,-0.0046526913
743,1988-05-31,0.0043063577,0.046556969999999996
744,1988-06-30,0.002713779999999999,-0.012372285
745,1988-07-31,0.0026684260000000007,-0.03390578
746,1988-08-31,0.004437339999999998,0.031003729999999997
747,1988-09-30,0.0025992499999999974,0.01154535
748,1988-10-31,0.0031636700000000004,-0.02211086
749,1988-11-30,0.004719060000000001,0.014770660000000001
750,1988-12-31,0.0034436400000000013,0.060601279999999993
751,1989-01-31,0.0027959099999999987,-0.02254182
752,1989-02-28,0.0037302400000000027,0.01476452
753,1989-03-31,0.0028230900000000003,0.041506980000000006
754,1989-04-30,0.0019349300000000014,0.03143567
755,1989-05-31,0.004754609999999999,-0.011955535
756,1989-06-30,0.0025720120000000003,0.07012836
757,1989-07-31,0.002247160000000012,0.014726
758,1989-08-31,0.0038984799999999993,-0.007973332000000001
759,1989-09-30,0.002495494,-0.03608516
760,1989-10-31,0.002052179999999997,0.01091624
761,1989-11-30,0.0034827999999999994,0.012194009999999998
762,1989-12-31,0.0027785799999999992,-0.07581361
763,1990-01-31,0.0018333700000000008,0.00919994
764,1990-02-28,0.0039433,0.01774776
765,1990-03-31,0.002521820000000001,-0.03518306
766,1990-04-30,0.002279149999999997,0.08213468
767,1990-05-31,0.004286579999999998,-0.010492862
768,1990-06-30,0.002543084,-0.016191909
769,1990-07-31,0.0022006609999999996,-0.0985028
770,1990-08-31,0.003813479999999994,-0.05984421
771,1990-09-30,0.0022654800000000003,-0.01929875
772,1990-10-31,0.0025498100000000013,0.060041620000000004
773,1990-11-30,0.0043276100000000026,0.023510839999999998
774,1990-12-31,0.0032368299999999996,0.04388338
775,1991-01-31,0.002095989999999999,0.07104751000000001
776,1991-02-28,0.00401166,0.02452204
777,1991-03-31,0.0022201799999999987,-0.0019891979999999997
778,1991-04-30,0.002124921,0.03603653
779,1991-05-31,0.0035599099999999995,-0.04822354
780,1991-06-30,0.002247220000000001,0.04188907
781,1991-07-31,0.0018051700000000018,0.022206780000000002
782,1991-08-31,0.003531430000000002,-0.01557863
783,1991-09-30,0.0020989600000000004,0.013647000000000003
784,1991-10-31,0.0015987099999999997,-0.04119085
785,1991-11-30,0.003280779999999997,0.102982
786,1991-12-31,0.0026351000000000013,-0.004563548
787,1992-01-31,0.0014276450000000002,0.01055521
788,1992-02-29,0.0030469600000000013,-0.02709942
789,1992-03-31,0.0022708700000000012,0.01021432
790,1992-04-30,0.0015423299999999997,0.0036071380000000006
791,1992-05-31,0.0031046470000000003,-0.0224571
792,1992-06-30,0.0024073900000000023,0.03679972
793,1992-07-31,0.0015309000000000017,-0.023418920000000003
794,1992-08-31,0.0031511299999999985,0.00986105
795,1992-09-30,0.0021753599999999994,0.00868108
796,1992-10-31,0.0014365799999999998,0.03788287
797,1992-11-30,0.0032284600000000024,0.014941530000000001
798,1992-12-31,0.0022076000000000023,0.010317070000000001
799,1993-01-31,0.0013153900000000013,0.0032254060000000005
800,1993-02-28,0.0027611070000000005,0.022589230000000002
801,1993-03-31,0.0024299199999999986,-0.02779078
802,1993-04-30,0.0013235999999999977,0.02737208
803,1993-05-31,0.003032960000000001,0.002934345
804,1993-06-30,0.002216751,-0.0032060529
805,1993-07-31,0.0013474161000000002,0.03699608
806,1993-08-31,0.002931330000000003,-0.0019712697
807,1993-09-30,0.0019816813,0.01585087
808,1993-10-31,0.0013205199999999986,-0.02010047
809,1993-11-30,0.002875880000000001,0.01725477
810,1993-12-31,0.0020260899999999978,0.02895912
811,1994-01-31,0.0013884899999999992,-0.026306850000000003
812,1994-02-28,0.0025523299999999985,-0.04849461
813,1994-03-31,0.0020874300000000012,0.006794642000000001
814,1994-04-30,0.0014500859999999997,0.006252695000000001
815,1994-05-31,0.0029907560000000007,-0.03098025
816,1994-06-30,0.002174539999999999,0.02785685
817,1994-07-31,0.001373779999999998,0.038929109999999996
818,1994-08-31,0.00290464,-0.02203766
819,1994-09-30,0.0020142300000000023,0.010719830000000001
820,1994-10-31,0.0015198900000000012,-0.04090634
821,1994-11-30,0.002774150000000003,0.00818029
822,1994-12-31,0.00243929,0.01615284
823,1995-01-31,0.0015998899999999996,0.03564730000000001
824,1995-02-28,0.002573539999999999,0.02246509
825,1995-03-31,0.0021782699999999995,0.02064833
826,1995-04-30,0.0014512199999999996,0.02850846
827,1995-05-31,0.00277935,0.026441990000000002
828,1995-06-30,0.0019295200000000005,0.036301139999999996
829,1995-07-31,0.001847790000000002,0.0045949150000000015
830,1995-08-31,0.002496695,0.03205392
831,1995-09-30,0.0017126999999999976,-0.01603864
832,1995-10-31,0.0013311,0.038571049999999996
833,1995-11-30,0.002469739999999998,0.0102922
834,1995-12-31,0.0018385899999999993,0.02382137
835,1996-01-31,0.0013166600000000007,0.012452620000000001
836,1996-02-29,0.002121200000000002,0.00701403
837,1996-03-31,0.0017033789999999997,0.020959890000000002
838,1996-04-30,0.0012446200000000018,0.02261004
839,1996-05-31,0.002259839999999999,-0.012289313000000001
840,1996-06-30,0.0015307489999999997,-0.05834932
841,1996-07-31,0.0014360200000000031,0.02835125
842,1996-08-31,0.0020700100000000006,0.04858472
843,1996-09-30,0.001706039999999999,0.00947326
844,1996-10-31,0.0013710699999999985,0.0615042
845,1996-11-30,0.0019822000000000034,-0.01599145
846,1996-12-31,0.0016786700000000002,0.04894068
847,1997-01-31,0.001082570000000005,-0.004967178
848,1997-02-28,0.0017343820000000002,-0.04916433
849,1997-03-31,0.0016507099999999997,0.03809623
850,1997-04-30,0.0012155499999999958,0.06673968
851,1997-05-31,0.0018525299999999911,0.04038098
852,1997-06-30,0.0013908600000000007,0.07221265
853,1997-07-31,0.0013116799999999956,-0.04042035
854,1997-08-31,0.0013580299999999962,0.05405339
855,1997-09-30,0.0014043499999999987,-0.03863246
856,1997-10-31,0.0010693200000000055,0.02645378
857,1997-11-30,0.0015131999999999993,0.013021670000000003
858,1997-12-31,0.0015150700000000003,0.00021131800000000027
859,1998-01-31,0.0008782500000000001,0.06942087
860,1998-02-28,0.0015044699999999939,0.04737263
861,1998-03-31,0.001256719999999996,0.00662425
862,1998-04-30,0.0010009689999999991,-0.02974616
863,1998-05-31,0.001292109999999999,0.02773895
864,1998-06-30,0.0012193799999999956,-0.02737691
865,1998-07-31,0.0009758999999999983,-0.1621597
866,1998-08-31,0.0013083999999999874,0.059214060000000006
867,1998-09-30,0.0015185900000000072,0.07120591000000001
868,1998-10-31,0.001017390000000007,0.05890103
869,1998-11-30,0.001408019999999996,0.05925891
870,1998-12-31,0.0013283599999999937,0.03494676
871,1999-01-31,0.00080036,-0.041582610000000006
872,1999-02-28,0.0011853000000000002,0.03362548
873,1999-03-31,0.0012730899999999976,0.04539208
874,1999-04-30,0.0008212800000000006,-0.02410774
875,1999-05-31,0.0016761800000000028,0.04682348
876,1999-06-30,0.0010981800000000042,-0.03463344
877,1999-07-31,0.0008768100000000022,-0.013807085
878,1999-08-31,0.0011577349999999983,-0.0265689
879,1999-09-30,0.0012031600000000017,0.05820732
880,1999-10-31,0.0007892099999999985,0.03322223
881,1999-11-30,0.0012059999999999987,0.07934456
882,1999-12-31,0.001113869999999989,-0.04372196
883,2000-01-31,0.0006408500000000053,0.027460240000000004
884,2000-02-29,0.0011028900000000022,0.04879839
885,2000-03-31,0.000983640000000001,-0.06411937000000001
886,2000-04-30,0.0007901899999999962,-0.04386035
887,2000-05-31,0.0011593699999999998,0.047576419999999994
888,2000-06-30,0.0007975899999999939,-0.022479219999999998
889,2000-07-31,0.0007200200000000018,0.06998387
890,2000-08-31,0.0011810400000000082,-0.0562544
891,2000-09-30,0.0007403399999999991,-0.030080120000000002
892,2000-10-31,0.0006744199999999985,-0.10746539999999999
893,2000-11-30,0.0012082000000000065,0.015449560000000001
894,2000-12-31,0.0009944800000000024,0.034175279999999995
895,2001-01-31,0.0007879899999999954,-0.10288441
896,2001-02-28,0.0010984899999999936,-0.07460813
897,2001-03-31,0.0009560100000000071,0.07993495
898,2001-04-30,0.0010051800000000083,0.007250070000000001
899,2001-05-31,0.0013862300000000004,-0.02036145
900,2001-06-30,0.000774900000000002,-0.0212836
901,2001-07-31,0.0009667400000000007,-0.06207984
902,2001-08-31,0.0013747399999999993,-0.09429703
903,2001-09-30,0.0011327299999999985,0.02564657
904,2001-10-31,0.0010178799999999988,0.07708876
905,2001-11-30,0.0014360999999999957,0.01635592
906,2001-12-31,0.0012818900000000008,-0.01736615
907,2002-01-31,0.0009543799999999977,-0.02299973
908,2002-02-28,0.0013660700000000005,0.043399059999999996
909,2002-03-31,0.0009692199999999998,-0.05110013
910,2002-04-30,0.0009034700000000034,-0.01190954
911,2002-05-31,0.0014483300000000011,-0.07155918
912,2002-06-30,0.0012557200000000018,-0.08262465000000001
913,2002-07-31,0.0011849099999999974,0.0065489020000000005
914,2002-08-31,0.0015443370000000007,-0.10132281
915,2002-09-30,0.0014638899999999955,0.07353965
916,2002-10-31,0.0014174799999999987,0.06008161
917,2002-11-30,0.0016698399999999988,-0.05443442
918,2002-12-31,0.001642629999999999,-0.024366770000000003
919,2003-01-31,0.0012098400000000002,-0.016317210000000002
920,2003-02-28,0.0018260800000000008,0.009321300000000001
921,2003-03-31,0.0014202109999999993,0.08176761
922,2003-04-30,0.0015873799999999993,0.06257126
923,2003-05-31,0.0016934300000000027,0.01534584
924,2003-06-30,0.0015488099999999994,0.022412190000000002
925,2003-07-31,0.0013480600000000016,0.02426536
926,2003-08-31,0.0014790799999999972,-0.009920235000000001
927,2003-09-30,0.0014866050000000002,0.059660780000000004
928,2003-10-31,0.0014792700000000047,0.0158941
929,2003-11-30,0.0015416800000000001,0.04467635
930,2003-12-31,0.0016566800000000007,0.02234194
931,2004-01-31,0.0010229900000000014,0.01484306
932,2004-02-29,0.00148504,-0.01156161
933,2004-03-31,0.0013236700000000007,-0.025021929999999998
934,2004-04-30,0.001346260000000002,0.01346833
935,2004-05-31,0.0016843900000000009,0.02081092
936,2004-06-30,0.0015621099999999985,-0.03869773
937,2004-07-31,0.0010942400000000033,0.0016029000000000002
938,2004-08-31,0.0016453550000000003,0.01945616
939,2004-09-30,0.0014573200000000015,0.01670559
940,2004-10-31,0.0012267899999999984,0.04671379
941,2004-11-30,0.003893529999999999,0.03356963
942,2004-12-31,0.0017558299999999999,-0.02814588
943,2005-01-31,0.0008535799999999996,0.021046099999999998
944,2005-02-28,0.0018361799999999998,-0.01904364
945,2005-03-31,0.00163429,-0.02730633
946,2005-04-30,0.0013834700000000012,0.035554
947,2005-05-31,0.0018033299999999988,0.00922899
948,2005-06-30,0.0016244359999999982,0.04095753
949,2005-07-31,0.0011060999999999988,-0.008958243000000001
950,2005-08-31,0.0018176770000000002,0.00769976
951,2005-09-30,0.001268267,-0.02356557
952,2005-10-31,0.0011079400000000017,0.03722598
953,2005-11-30,0.002252909999999997,0.00025550699999999987
954,2005-12-31,0.0015712279999999998,0.036571889999999996
955,2006-01-31,0.0011055399999999951,-0.005038828
956,2006-02-28,0.001913611,0.01536457
957,2006-03-31,0.0014667199999999977,0.00940005
958,2006-04-30,0.0014703400000000005,-0.03533197
959,2006-05-31,0.0019785100000000028,-0.0043905499
960,2006-06-30,0.0014963211000000001,-0.005911548
961,2006-07-31,0.001043311,0.02084147
962,2006-08-31,0.0020730899999999997,0.01532832
963,2006-09-30,0.0013186599999999993,0.03305301
964,2006-10-31,0.0010459199999999988,0.019536480000000002
965,2006-11-30,0.002362650000000001,0.006856920000000001
966,2006-12-31,0.001703174,0.014986799999999998
967,2007-01-31,0.0009347899999999978,-0.01780596
968,2007-02-28,0.0019902900000000005,0.00865354
969,2007-03-31,0.0014743099999999995,0.03543381
970,2007-04-30,0.0013643100000000005,0.03485336
971,2007-05-31,0.0022874699999999998,-0.018747
972,2007-06-30,0.0013631900000000002,-0.03578957000000001
973,2007-07-31,0.001002639999999999,0.007392790000000001
974,2007-08-31,0.0019517189999999993,0.03762202
975,2007-09-30,0.0015155899999999972,0.02271044
976,2007-10-31,0.0011406899999999998,-0.05276183
977,2007-11-30,0.0019471900000000014,-0.007105199
978,2007-12-31,0.002087665,-0.06431772000000001
979,2008-01-31,0.0011036599999999924,-0.02299688
980,2008-02-29,0.0019388199999999974,-0.01214434
981,2008-03-31,0.0017419400000000008,0.049399
982,2008-04-30,0.001323119999999997,0.022135020000000002
983,2008-05-31,0.0023140599999999997,-0.08013555
984,2008-06-30,0.001813099999999998,-0.01491312
985,2008-07-31,0.0013465999999999999,0.009297090000000001
986,2008-08-31,0.001988993999999999,-0.09967162
987,2008-09-30,0.0017870200000000003,-0.18563759999999999
988,2008-10-31,0.0014857000000000065,-0.08498552999999999
989,2008-11-30,0.0027394800000000025,0.02223056
990,2008-12-31,0.0030663600000000006,-0.07747499000000001
991,2009-01-31,0.0013921499999999948,-0.10027509999999999
992,2009-02-28,0.0031870000000000093,0.08661294
993,2009-03-31,0.003255190000000005,0.1093825
994,2009-04-30,0.0018340000000000023,0.06779663
995,2009-05-31,0.002650089999999994,-0.003120451
996,2009-06-30,0.001942498,0.08169244
997,2009-07-31,0.0014187400000000017,0.03141431
998,2009-08-31,0.0021587400000000027,0.045188189999999996
999,2009-09-30,0.0016375299999999982,-0.02807884
1000,2009-10-31,0.0012544199999999991,0.05708582
1001,2009-11-30,0.002455409999999998,0.02838637
1002,2009-12-31,0.002024950000000001,-0.0371855
1003,2010-01-31,0.0010121099999999966,0.0347535
1004,2010-02-28,0.0020861999999999964,0.06358819
1005,2010-03-31,0.0016831100000000015,0.01993909
1006,2010-04-30,0.0011113099999999973,-0.07936682
1007,2010-05-31,0.0020879300000000017,-0.05090204
1008,2010-06-30,0.0017396100000000025,0.07028395999999999
1009,2010-07-31,0.001695519999999992,-0.04298652000000001
1010,2010-08-31,0.0021253399999999964,0.09156859
1011,2010-09-30,0.00188002000000001,0.038506359999999996
1012,2010-10-31,0.0015199299999999957,0.005021486
1013,2010-11-30,0.0021991880000000004,0.06711339
1014,2010-12-31,0.002330310000000002,0.01909021
1015,2011-01-31,0.0009530599999999986,0.03806834
1016,2011-02-28,0.0019320300000000012,0.0032425440000000004
1017,2011-03-31,0.0015828040000000002,0.02860189
1018,2011-04-30,0.0011129900000000012,-0.01495751
1019,2011-05-31,0.0020084000000000005,-0.01845294
1020,2011-06-30,0.0017630000000000007,-0.0225503
1021,2011-07-31,0.001138990000000003,-0.057696580000000004
1022,2011-08-31,0.0021400099999999977,-0.08502997
1023,2011-09-30,0.0016893300000000028,0.1142146
1024,2011-10-31,0.0014098000000000027,-0.006273334
1025,2011-11-30,0.0026673770000000003,0.0036706110000000003
1026,2011-12-31,0.0022465420000000002,0.054139520000000003
1027,2012-01-31,0.0011473400000000036,0.04125255
1028,2012-02-29,0.0022724999999999967,0.02403937
1029,2012-03-31,0.0018820400000000015,-0.006840229000000001
1030,2012-04-30,0.0012168050000000005,-0.06574102000000001
1031,2012-05-31,0.002414529999999998,0.038180820000000004
1032,2012-06-30,0.002101570000000004,0.010305690000000001
1033,2012-07-31,0.0012517689999999998,0.026236810000000003
1034,2012-08-31,0.0025998700000000007,0.026432380000000002
1035,2012-09-30,0.0019491100000000004,-0.01416426
1036,2012-10-31,0.0014468199999999997,0.006119453
1037,2012-11-30,0.0032409600000000006,0.01247959
1038,2012-12-31,0.003549070999999999,0.05418911
1039,2013-01-31,0.0012062399999999973,0.008284352
1040,2013-02-28,0.0022038099999999996,0.03531997
1041,2013-03-31,0.0017680600000000019,0.01494205
1042,2013-04-30,0.0011743499999999994,0.01915481
1043,2013-05-31,0.0025604100000000025,-0.015071280000000001
1044,2013-06-30,0.002016809999999999,0.05268972
1045,2013-07-31,0.00143509,-0.02576067
1046,2013-08-31,0.002177130000000003,0.037513950000000004
1047,2013-09-30,0.001797740000000006,0.03990784
1048,2013-10-31,0.001284819999999999,0.0249728
1049,2013-11-30,0.002125140000000001,0.02615955
1050,2013-12-31,0.002056829999999999,-0.030046820000000002
1051,2014-01-31,0.0011051099999999994,0.04622538
1052,2014-02-28,0.0022351100000000054,0.004544167
1053,2014-03-31,0.0017208889999999998,0.0015690830000000002
1054,2014-04-30,0.0011628346000000002,0.02026029
1055,2014-05-31,0.0022086299999999996,0.0279905
1056,2014-06-30,0.0019866699999999994,-0.02056754
1057,2014-07-31,0.0012936000000000024,0.040226120000000004
1058,2014-08-31,0.0020032300000000017,-0.025208420000000002
1059,2014-09-30,0.0016970899999999983,0.02117178
1060,2014-10-31,0.00124699,0.0211143
1061,2014-11-30,0.0021662799999999996,-0.0036613160000000004
1062,2014-12-31,0.002138134,-0.027207020000000002
1063,2015-01-31,0.0010707499999999988,0.05599935
1064,2015-02-28,0.0023373000000000005,-0.0104096
1065,2015-03-31,0.0018144400000000005,0.008776397
1066,2015-04-30,0.0011469599999999998,0.010268880000000001
1067,2015-05-31,0.002161785000000001,-0.01927204
1068,2015-06-30,0.001939429999999999,0.012063240000000001
1069,2015-07-31,0.0012118800000000002,-0.05997899
1070,2015-08-31,0.002066199999999997,-0.03383053
1071,2015-09-30,0.0019362600000000021,0.07403971
1072,2015-10-31,0.00139410999999999,0.002425683
1073,2015-11-30,0.002268449,-0.02238848
1074,2015-12-31,0.002237340000000001,-0.05728007
1075,2016-01-31,0.001168660000000002,0.0004043924000000001
1076,2016-02-29,0.0024222414,0.07038119
1077,2016-03-31,0.0023689900000000014,0.01163658
1078,2016-04-30,0.0012337800000000003,0.01416884
1079,2016-05-31,0.0024141299999999987,0.002726236
1080,2016-06-30,0.0020711015,0.03864608
1081,2016-07-31,0.0012469999999999981,0.0025996640000000002
1082,2016-08-31,0.0023372759000000005,0.0028199040000000002
1083,2016-09-30,0.0017775840000000002,-0.02178622
1084,2016-10-31,0.0012439700000000005,0.040445749999999996
1085,2016-11-30,0.002448249999999999,0.01846782
1086,2016-12-31,0.0021376999999999993,0.021776669999999998
1087,2017-01-31,0.0010237999999999983,0.0322319
1088,2017-02-28,0.0021025299999999983,0.0017949690000000004
1089,2017-03-31,0.0018701842000000003,0.009127575
1090,2017-04-30,0.0011184239999999998,0.008703303
1091,2017-05-31,0.0023492540000000003,0.008951493000000001
1092,2017-06-30,0.001881527000000001,0.01960879
1093,2017-07-31,0.0013833000000000005,0.0006746460000000001
1094,2017-08-31,0.002237174,0.02287745
1095,2017-09-30,0.0016065500000000017,0.01837679
1096,2017-10-31,0.0011011800000000002,0.026452490000000002
1097,2017-11-30,0.002326850000000002,0.011252690000000001
1098,2017-12-31,0.0018557699999999996,0.049526650000000005
1099,2018-01-31,0.0009527400000000005,-0.04061111
1100,2018-02-28,0.0018684500000000007,-0.01965426
1101,2018-03-31,0.0018662899999999996,0.0033101149999999998
1102,2018-04-30,0.0011077569999999996,0.024774670000000002
1103,2018-05-31,0.002296010000000001,0.003962637
1104,2018-06-30,0.0017832109999999998,0.030002690000000002
1105,2018-07-31,0.0011355100000000028,0.0286044
1106,2018-08-31,0.0024673599999999983,-0.001067858
1107,2018-09-30,0.001636433,-0.07597570000000001
1108,2018-10-31,0.0010675899999999933,0.01668949
1109,2018-11-30,0.0023409799999999995,-0.09178895
1110,2018-12-31,0.0022343000000000085,0.08619523999999999
1111,2019-01-31,0.001226709999999992,0.03092353
1112,2019-02-28,0.002057980000000001,0.01106351
1113,2019-03-31,0.0018222200000000011,0.03578859
1114,2019-04-30,0.0011931999999999984,-0.06377856
1115,2019-05-31,0.0022195800000000057,0.06547886
1116,2019-06-30,0.0019958399999999987,0.00995431
1117,2019-07-31,0.0011528400000000005,-0.02193933
1118,2019-08-31,0.002032550000000001,0.014232970000000001
1119,2019-09-30,0.0018640600000000007,0.017755939999999998
1120,2019-10-31,0.0011706499999999988,0.033796520000000004
1121,2019-11-30,0.002013290000000001,0.027090680000000002
1122,2019-12-31,0.0022464700000000004,-0.0030277760000000003
1123,2020-01-31,0.00112074,-0.07911805000000001
1124,2020-02-29,0.001949590000000001,-0.1429326
1125,2020-03-31,0.001952499999999996,0.1296766
1126,2020-04-30,0.0012685000000000057,0.053638609999999996
1127,2020-05-31,0.002050369999999996,0.02519919
1128,2020-06-30,0.0017770499999999988,0.05542867
1129,2020-07-31,0.0011207800000000018,0.06834293
1130,2020-08-31,0.0016440900000000008,-0.035156900000000005
1131,2020-09-30,0.001458679999999997,-0.02027795
1132,2020-10-31,0.0010394199999999992,0.1236065
1133,2020-11-30,0.0016883000000000037,0.044948089999999996
